Question,"""Watson!"" Holmes exclaimed, ""This man was obviously killed by _____!"""
Question,_____ ain't nothin' to fuck with.
Question,_____ gives a whole new meaning to _____.
Question,_____ good to the last drop.
Question,"_____ in the front seat; _____ in the back seat; gotta make my mind up, which seat can I take?"
Question,"_____ in the morning, sailors take warning."
Question,_____ is a classic case of _____.
Question,_____ is a gateway to _____.
Question,_____ is a time-saving godsend for busy housewives.
Question,_____ is best enjoyed on the first date.
Question,_____ is dead to me.
Question,_____ is nothing _____ can't fix.
Question,_____ is now outsourced to call centers in India.
Question,_____ is the name of my new indie black metal emo jazz post-dubstep funk band.
Question,_____ is the new black.
Question,_____ is the root of all evil.
Question,"_____ isn't about sex, it's about power."
Question,_____ means never having to say you're sorry.
Question,_____ R Us.
Question,"_____, for the win!"
Question,"_____, fun for the whole family!"
Question,"_____. Because, fuck you, that's why."
Question,_____. I'd hit that.
Question,_____. It's everywhere you want to be.
Question,_____. The Care Bear Stare
Question,_____. The Final Frontier.
Question,_____. The Nicolas Cage Story
Question,_____. The other white meat.
Question,_____: The Other White Meat.
Question,2 things you need to survive on a deserted island
Question,"9 out of 10 doctors agree, _____ twice a day prevents cancer."
Question,A fortune teller told me I will live a life filled with _____.
Question,A hot new alternative medical practice involves placing _____ in _____.
Question,A little-known fact is that Microsoft Windows was originally slated to be the first operating system to include _____.
Question,A little-known provision of Obamacare allows _____ access to _____.
Question,"According to an old Romanian superstition, _____ will happen if you Don't _____ before going to bed."
Question,"After Billy Mays died, he sold God _____."
Question,All the cool kids are doing it.
Question,An international tribunal has found _____ guilty of _____.
Question,"And on his farm he had _____, e-i-e-i-o!"
Question,"And then little Billy woke up the next morning, he discovered that the tooth fairy had left _____ under his pillow."
Question,Apple has revealed they now have a patent for _____.
Question,Ask your doctor if _____ is right for you.
Question,"Back in my day, _____ only cost a nickel."
Question,Bang _____ Marry _____ Kill _____.
Question,Check your privilege. And _____.
Question,Chili’s special tonight: _____ with a side of _____.
Question,Choosy moms choose _____.
Question,"Cirque de Soleil presents MYSTIQUEE, a night of daring acrobatics, whimsy and _____."
Question,Daddy drinks because of _____.
Question,Damn it feels good to be _____.
Question,Danger! _____ ahead!
Question,"Dear Sir or Madam, We regret to inform you that the Office of _____ has denied your request for _____."
Question,Disney presents _____ on ice!
Question,Disney's newest Pixar movie will be about _____.
Question,Every _____ should be required to get a tattoo of _____.
Question,"For campaign funding reform to really be effective, there needs to be a specific policy about _____ contributions."
Question,Fred Phelps and his church have just announced that they plan to start picketing the funerals of _____ as well as gays.
Question,Genius is 10% inspiration and 90% _____.
Question,"Give me liberty, or give me _____!"
Question,Go-go Gadget _____!
Question,Groundbreaking research provides convincing evidence that _____ killed the dinosaurs.
Question,Happiness is _____.
Question,"Hey Rocky, watch me pull _____ out of my _____!"
Question,Horton could hear it through the bedroom wall...his mother and _____.
Question,Horton is always forcing his _____ on other people.
Question,How did this _____ get into my _____?
Question,I always call in sick to work when I have a bad case of _____.
Question,I always think of _____ when I fall asleep.
Question,I can drive and _____ and _____ at the same time.
Question,"I can handle public displays of affection, but _____ is really too much."
Question,I can't get no _____.
Question,I feel the need—the need for _____.
Question,"I firmly believe that for the economy to recover, the Department of _____ needs to change its policies on _____."
Question,I for one welcome our new _____ overlords!
Question,I got a fever and the only cure is more _____.
Question,I have decided to commit to a life of studious contemplation on_____.
Question,I like my women like _____.
Question,I like to keep _____ as a souvenir of my sexual encounters.
Question,I live my life according to the teachings of _____.
Question,I love _____ in my _____.
Question,I love the smell of _____ in the morning.
Question,"I met my current significant other at _____,"
Question,"I might be a _____, but at least I'm no _____."
Question,I really hate _____ at work. So I take care of it with _____.
Question,I sleep like a baby after bathing in a tub full of _____.
Question,I want to go to school to study_____.
Question,I was into _____ before it was cool.
Question,I will not eat them Sam-I-Am. I will not eat _____.
Question,I work out so that I can look good when I'm _____.
Question,I'd rather be _____.
Question,"If a pot of gold is on one end of the rainbow, what is on the other?"
Question,"If I don't enjoy _____, then the terrorists win."
Question,"If I weren't so busy with _____, I'd be _____."
Question,If there’s one thing you could change about me it would be _____.
Question,I'm having trouble finding a college which will allow me to pursue a degree in _____.
Question,"In a pinch, _____ can be a suitable substitute for _____."
Question,"In a surprising turnaround, _____ has publicly come out as supporting President Obama."
Question,"In an astonishing and ground-breaking decision, the Supreme Court has decided in favor of _____."
Question,"In Nintendo's new game, you must fight off wave after wave of _____ in order to save _____."
Question,In the grim darkness of the future there is only _____.
Question,"In the new tenth circle of Hell, sinners will be condemned to an eternity of _____."
Question,"Instead of endorsing Jell-O Pudding Pops, Bill Cosby now endorses _____."
Question,"Instead of her normal self, Cinderella should have turned into _____ at midnight."
Question,"Instead of Robin, Batman should have had _____ as a sidekick."
Question,"Instead of the Jews, Hitler should have worried more about _____."
Question,Iron Chef: Today's secret ingredient is _____.
Question,It is often argued that our ancestors would have never evolved without the aid of _____.
Question,It rubs _____ on its skin or else it gets _____ again.
Question,"It sucks when you look in the fridge, and all you have to eat is _____."
Question,It was more uncomfortable than _____ at a _____ convention.
Question,I've got the fever and the only cure is more _____.
Question,"Keep your friends close, but your _____ closer."
Question,Kitten thinks of nothing but _____ all day.
Question,Legend of Zelda: The _____ of _____.
Question,Like a good neighbor _____ is there.
Question,Michael Bay's new three-hour action epic pits _____ against _____.
Question,"Mister Owl, how many licks does it take to get to the center of _____?"
Question,Moral at work was boosted when they put_____ in the vending machines.
Question,"Mr. Owl, how many licks does it take to get to the center of _____?"
Question,"My favorite book is the classic tale of _____, written by _____."
Question,My favorite childhood memory is_____.
Question,My favorite TV channel is the one that shows programs about _____.
Question,My favourite family recipe is _____ and _____ with just a dash of _____.
Question,My Little Pony: Friendship is _____.
Question,My mission in life is to create a videogame about _____.
Question,My other car is a _____.
Question,New car sticker craze: Calvin pissing on _____.
Question,"Next on Oprah, teens addicted to _____."
Question,"Next, on Martha Stewart's Living, spruce up your _____ with _____."
Question,"Next, on the Twilight Zone: a parallel universe in which every instance of _____ is replaced by _____."
Question,Nobody puts _____ in a corner.
Question,Nothing beats cuddling with _____ in bed.
Question,Nothing feels better than _____ on _____.
Question,Now witness the firepower of this fully armed and operational _____!
Question,"On tonight's special report, _____. Fact or fiction?"
Question,One day a man is bitten by _____ and is transformed into _____.
Question,Only _____ is worse than a heretic.
Question,Our most powerful weapon on the day of the zombie apocalypse will be _____.
Question,"Remember, _____ is never funny. Unless it involves _____."
Question,"Roses are red; Violets are _____; _____ is _____, and so are you."
Question,Say no to _____.
Question,"Science has discovered that beyond the edges of the universe, there is only _____."
Question,Scientists have reverse engineered alien technology that unlocks the secrets of _____.
Question,Sizzler’s special tonight: _____ with a side of _____.
Question,"Something you should regret, but secretly don't."
Question,"Sometimes you feel like _____, sometimes you don't."
Question,"Sticks and stones may break my bones, but _____ will never hurt me."
Question,Stop staring at _____.
Question,The 1930's is often regarded as the golden age of _____.
Question,The best Christmas present my grandma ever gave me was_____.
Question,The best things in life come in _____.
Question,The Christian Coalition has recently decided that an even worse sin than same-sex marriage is _____.
Question,The clown made all the children laugh with his balloon animal in the shape of _____.
Question,"The Himalayas are filled with many perils, such as _____."
Question,The internet was invented for _____.
Question,The Japanese government spent billions of yen researching _____.
Question,The local experimental college is now offering a course on _____ led by _____.
Question,The new hip trend at craft bars is vodka infused with _____.
Question,The new Nintendo will be called the _____.
Question,The new version of Dungeons and Dragons makes _____ a playable race.
Question,The next ice cream flavor from Ben & Jerry's.
Question,The next Team Fortress 2 update will include _____.
Question,The only problem with _____ is that there isn't enough _____ in it.
Question,The power of love is useless against _____.
Question,The road to success is paved with _____.
Question,"The sad truth is, at the edge of the universe, there is nothing but _____."
Question,"The sound of your life, _____ radio!"
Question,The theme for our senior prom will be _____.
Question,The world is going to end when _____ falls on the Earth and _____ will be everywhere.
Question,"There is a time for peace, a time for war, and a time for _____."
Question,There is nothing worse than seeing _____ in the light of day.
Question,There's no crying in _____.
Question,There's no such thing as _____.
Question,They found ______ in the dumpster behind the abortion clinic.
Question,This decade will be regarded as the golden age of _____.
Question,"This Thanksgiving, I'm most thankful for _____."
Question,"This year's Pulitzer Prize winning novel was chosen for its brilliant _____, as a metaphor for _____."
Question,Try walking a mile in my _____.
Question,Two things you need to survive on a deserted island.
Question,Warning: This product contains trace amounts of _____.
Question,What 2 things do you need to survive on a deserted island?
Question,What am I hiding from my parents?
Question,What am I lying to my friends about?
Question,What brought the orgy to a screeching halt?
Question,What did I find in the couch cushions?
Question,What do I fear my parents will find in my sock drawer?
Question,What do I like best about my job?
Question,What do I think about when I'm having trouble getting off?
Question,What gave me aids?
Question,What goes best on toast?
Question,What I wouldn't give for 10 minutes alone with ______
Question,What in my past led to my current position on gun control laws?
Question,What is in my zombie apocalypse survival bag?
Question,What is the moral of the story?
Question,What is the only way I can achieve orgasm?
Question,What keeps me up at night?
Question,What makes Fred Phelps hard?
Question,What makes me tingle all over?
Question,What makes the world go round?
Question,"What melts in your mouth, not in your hand?"
Question,What time is it? _____ time!
Question,"What was Abraham Lincoln's deep, dark secret?"
Question,What will be an issue in the next presidential election?
Question,What will be our last chance for salvation when our new robot overlords take over?
Question,What will be put in the time capsule to preserve humanity's memory?
Question,What will I bring to the party?
Question,What's my superpower?
Question,What's the real reason that I've gathered you all hear today?
Question,What's the worst that could happen?
Question,"When a man and a woman love each other very much, suddenly _____."
Question,"When I get drunk, I feel that I am an expert on _____."
Question,"When I get married, our vows will include words about _____."
Question,"When I saw your mom naked, it reminded me of _____"
Question,"When I'm alone and the room is totally dark, I like to secretly _____."
Question,"When life gives you _____, make _____."
Question,"When you wake up from a night of heavy drinking, you usually regret _____"
Question,Where do babies come from?
Question,Who could have guessed that the alien invasion would be easily thwarted by _____.
Question,Who was my childhood hero?
Question,Why am I in such a bad mood?
Question,Why am I like this?
Question,Why are we wearing tuxedos?
Question,Why did the _____ have to _____?
Question,"Why does God pee on us, periodically?"
Question,Why is mom calling?
Question,Why was my application to work at McDonald's rejected?
Question,"With the Democrats and Republicans in a dead heat, the election was stolen by the _____ party."
Question,"Wonder Twin powers, activate! Shape of _____. Form of _____."
Question,You can never have too many _____ when in East LA.
Question,You can never have too much _____.
Question,You know God hates you when _____.
Question,You’re in good hands with _____.
Answer,A 55-gallon drum of lube.
Answer,"A bigger, blacker dick."
Answer,A Burmese tiger pit.
Answer,A dollop of sour cream.
Answer,A magic hippie love cloud.
Answer,A man in yoga pants with a ponytail and feather earrings.
Answer,A piñata full of scorpions.
Answer,A sad fat dragon with no friends.
Answer,A slightly shittier parallel universe.
Answer,"A soulful rendition of ""Ol' Man River."""
Answer,A squadron of moles wearing aviator goggles.
Answer,"A sweaty, panting leather daddy."
Answer,A sweet spaceship.
Answer,All of this blood.
Answer,An army of skeletons.
Answer,An ether-soaked rag.
Answer,An unhinged ferris wheel rolling toward the sea.
Answer,Another shot of morphine.
Answer,Basic human decency.
Answer,Beefin' over turf.
Answer,Being awesome at sex.
Answer,Boris the Soviet Love Hammer.
Answer,Bullshit.
Answer,Catastrophic urethral trauma.
Answer,Daddy's belt.
Answer,Death by Steven Seagal.
Answer,"Dining with cardboard cutouts of the cast of ""Friends."""
Answer,Double penetration.
Answer,Existing.
Answer,Fetal alcohol syndrome.
Answer,Finding Waldo.
Answer,Fuck Mountain.
Answer,Getting hilariously gang-banged by the Blue Man Group.
Answer,Grandpa's ashes.
Answer,"Graphic violence, adult language, and some sexual content."
Answer,Hillary Clinton's death stare.
Answer,Intimacy problems.
Answer,Jeff Goldblum.
Answer,Living in a trashcan.
Answer,"Loki, the trickster god."
Answer,Making a friend.
Answer,Me.
Answer,Mild autism.
Answer,Mooing.
Answer,My first kill.
Answer,Nunchuck moves.
Answer,Oncoming traffic.
Answer,One Ring to rule them all.
Answer,Power.
Answer,Pretty Pretty Princess Dress-Up Board Game®.
Answer,Pumping out a baby every nine months.
Answer,Rising from the grave.
Answer,Scrotal frostbite.
Answer,Some really fucked-up shit.
Answer,"Special musical guest, Cher."
Answer,Spring break!
Answer,Subduing a grizzly bear and making her your wife.
Answer,Survivor's guilt.
Answer,Swiftly achieving orgasm.
Answer,Taking a man's eyes and balls out and putting his eyes where his balls go and then his balls in the eye holes.
Answer,The corporations.
Answer,The day the birds attacked.
Answer,The Google.
Answer,The grey nutrient broth that sustains Mitt Romney.
Answer,The human body.
Answer,The mere concept of Applebee's.
Answer,The mixing of the races.
Answer,The new Radiohead album.
Answer,Tiny nipples.
Answer,Tongue.
Answer,Upgrading homeless people to mobile hotspots.
Answer,Weapons-grade plutonium.
Answer,Wearing an octopus for a hat.
Answer,Whining like a little bitch.
Answer,Whipping a disobedient slave.
Question,"After months of debate, the Occupy Wall Street General Assembly could only agree on ""More _____!"""
Question,"Before _____, all we had was _____."
Question,Charades was ruined for me forever when my mom had to act out _____.
Question,Everyone down on the ground! We don't want to hurt anyone. We're just here for _____.
Question,"I spent my whole life working toward _____, only to have it ruined by _____."
Question,"I went from _____ to _____, all thanks to _____."
Question,"If God didn't want us to enjoy _____, he wouldn't have given us _____."
Question,"Little Miss Muffet Sat on a tuffet, Eating her curds and _____."
Question,Members of New York's social elite are paying thousands of dollars just to experience _____.
Question,"My country, 'tis of thee, sweet land of _____."
Question,Next time on Dr. Phil: How to talk to your child about _____.
Question,Only two things in life are certain: death and _____.
Question,The healing process began when I joined a support group for victims of _____.
Question,"The votes are in, and the new high school mascot is _____."
Question,"This month's Cosmo: ""Spice up your sex life by bringing _____ into the bedroom."""
Question,Tonight on 20/20: What you don't know about _____ could kill you.
Answer,"A black male in his early 20s, last seen wearing a hoodie."
Answer,A boo-boo.
Answer,A botched circumcision.
Answer,A cat video so cute that your eyes roll back and your spine slides out of your anus.
Answer,A cop who is also a dog.
Answer,A greased-up Matthew McConaughey.
Answer,A lamprey swimming up the toilet and latching onto your taint.
Answer,A pile of squirming bodies.
Answer,A PowerPoint presentation.
Answer,A spontaneous conga line.
Answer,A surprising amount of hair.
Answer,A vagina that leads to another dimension.
Answer,"Actually getting shot, for real."
Answer,All my friends dying.
Answer,An all-midget production of Shakespeare’s Richard III.
Answer,An ass disaster.
Answer,An unstoppable wave of fire ants.
Answer,"Bill Clinton, naked on a bearskin rug with a saxophone."
Answer,Blood farts.
Answer,Blowing some dudes in an alley.
Answer,Buying the right pants to be cool.
Answer,Chugging a lava lamp.
Answer,Cock.
Answer,Crying into the pages of Sylvia Plath.
Answer,Demonic possession.
Answer,Disco fever.
Answer,Drinking ten 5-hour ENERGYs to get fifty continuous hours of energy.
Answer,Dying alone and in pain.
Answer,Eating Tom Selleck’s mustache to gain his powers.
Answer,Filling every orifice with butterscotch pudding.
Answer,Fisting.
Answer,Flying robots that kill people.
Answer,Gay aliens.
Answer,Getting your dick stuck in a Chinese finger trap with another dick.
Answer,Girls that always be textin’.
Answer,Going around punching people.
Answer,Having sex on top of a pizza.
Answer,Having shotguns for legs.
Answer,Indescribable loneliness.
Answer,Jumping out at people.
Answer,Letting everyone down.
Answer,Mufasa’s death scene.
Answer,"My manservant, Claude."
Answer,Not contributing to society in any meaningful way.
Answer,Not having sex.
Answer,Nothing.
Answer,Putting an entire peanut buter and jelly sandwich into the VCR.
Answer,Reverse cowgirl.
Answer,"Roland the Farter, flatulist to the king."
Answer,"Running naked through a mall, pissing and shitting everywhere."
Answer,Samuel L. Jackson.
Answer,Screaming like a maniac.
Answer,Self-flagellation.
Answer,Shutting the fuck up.
Answer,Slapping a racist old lady.
Answer,"Sneezing, farting, and coming at the same time."
Answer,Some douche with an acoustic guitar.
Answer,Some kind of bird-man.
Answer,Spending lots of money.
Answer,That ass.
Answer,The entire Internet.
Answer,The Harlem Globetrotters.
Answer,The Land of Chocolate.
Answer,"The moist, demanding chasm of his mouth."
Answer,"The primal, ball-slapping sex your parents are having right now."
Answer,The Quesadilla Explosion Salad from Chili’s.
Answer,The systematic destruction of an entire people and their way of life.
Answer,The thin veneer of situational causality that underlies porn.
Answer,The way white people is.
Answer,Three months in the hole.
Answer,"Unlimited soup, salad, and breadsticks."
Answer,Velcro.
Answer,Vietnam flashbacks.
Answer,Vomiting mid-blowjob.
Answer,"Warm, velvety muppet sex."
Question,"__________. Awesome in theory, kind of a mess in practice."
Question,__________: Hours of fun. Easy to use. Perfect for __________!
Question,A successful job interview begins with a firm handshake and ends with __________.
Question,"After months of practice with __________, I think I’m finally ready for __________."
Question,And what did you bring for show and tell?
Question,"As part of his contract, Prince won’t perform without __________ in his dressing room."
Question,"As part of his daily regimen, Anderson Cooper sets aside 15 minutes for __________."
Question,"Call the law offices of Goldstein & Goldstein, because no one should have to tolerate __________ in the workplace."
Question,During high school I never really fit in until I found __________ club.
Question,Finally! A service that delivers __________ right to your door.
Question,Having problems with __________? Try __________!
Question,"Hey baby, come back to my place and I’ll show you __________."
Question,I’m not like the rest of you. I’m too rich and busy for __________.
Question,"In the seventh circle of Hell, sinners must endure __________ for all eternity."
Question,"Listen, son. If you want to get involved with __________, I won’t stop you. Just steer clear of __________."
Question,Lovin’ you is easy ’cause you’re __________.
Question,"Money can’t buy me love, but it can buy me __________."
Question,My gym teacher got fired for adding __________ to the obstacle course.
Question,My life is ruled by a vicious cycle of __________ and __________.
Question,The blind date was going horribly until we discovered our shared interest in __________.
Question,"To prepare for his upcoming role, Daniel Day-Lewis immersed himself in the world of __________."
Question,Turns out that __________-Man was neither the hero we needed nor wanted.
Question,What left this stain on my couch?
Question,"When you get right down to it, __________ is just __________."
Question,"With enough time and pressure, __________ will turn into __________."
Answer,72 virgins
Answer,8 oz of sweet Mexican black-tar heroin
Answer,A bag of magic beans
Answer,A balanced breakfast
Answer,A beached whale
Answer,A big black dick
Answer,A big hoopla about nothing
Answer,A bleached asshole
Answer,A bloody pacifier
Answer,A Bop It
Answer,A brain tumor
Answer,A can of whoop-ass
Answer,A clandestine butt scratch
Answer,A cooler full of organs
Answer,A crappy little hand
Answer,A death ray
Answer,A defective condom
Answer,A disappointing birthday party
Answer,A drive-by shooting
Answer,A falcon with a cap on its head
Answer,A fetus
Answer,A foul mouth
Answer,A gassy antelope
Answer,A gentle caress of the inner thigh
Answer,A good sniff
Answer,A Gypsy curse
Answer,A homoerotic volleyball montage
Answer,A hot mess
Answer,A lifetime of sadness
Answer,A look-see
Answer,A low standard of living
Answer,A mating display
Answer,A micro-penis
Answer,A middle-aged man on roller skates
Answer,A mime having a stroke
Answer,A moment of silence
Answer,A monkey smoking a cigar
Answer,A mopey zoo lion
Answer,A murder most foul
Answer,A nuanced critique
Answer,A passionate Latino lover
Answer,A really cool hat
Answer,A rival dojo
Answer,A robust mongoloid
Answer,A sad handjob
Answer,A salty surprise
Answer,A sassy black woman
Answer,A sausage festival
Answer,A sea of troubles
Answer,A snapping turtle biting the tip of your penis
Answer,A stray pube
Answer,A Super Soaker full of cat pee
Answer,A thermonuclear detonation
Answer,A time travel paradox
Answer,A tiny horse
Answer,A web of lies
Answer,A windmill full of corpses
Answer,A woman scorned
Answer,A zesty breakfast burrito
Answer,Aaron Burr
Answer,Active listening
Answer,Actually taking candy from a baby
Answer,Adderall
Answer,African children
Answer,Agriculture
Answer,AIDS
Answer,Alcoholism
Answer,All-you-can-eat shrimp for $4.99
Answer,Altar boys
Answer,American Gladiators
Answer,Amputees
Answer,An asymmetric boob job
Answer,An erection that lasts longer than four hours
Answer,An honest cop with nothing left to lose
Answer,An icepick lobotomy
Answer,An M. Night Shyamalan plot twist
Answer,An Oedipus complex
Answer,Anal beads
Answer,Another goddamn vampire movie
Answer,Apologizing
Answer,Appreciative snapping
Answer,Arnold Schwarzenegger
Answer,Asians who aren't good at math
Answer,Assless chaps
Answer,Attitude
Answer,Auschwitz
Answer,Authentic Mexican cuisine
Answer,Autocannibalism
Answer,AXE Body Spray
Answer,Balls
Answer,Barack Obama
Answer,BATMAN!!!
Answer,Beating your wives
Answer,Bees?
Answer,Being a busy adult with many important things to do
Answer,Being a dick to children
Answer,Being a dinosaur
Answer,Being a motherfucking sorcerer
Answer,Being fabulous
Answer,Being marginalized
Answer,Being on fire
Answer,Being rich
Answer,Bill Nye the Science Guy
Answer,Bingeing and purging
Answer,Bitches
Answer,Black people
Answer,Bling
Answer,Booby-trapping the house to foil burglars
Answer,Boogers
Answer,Bosnian chicken farmers
Answer,Breaking out into song and dance
Answer,Cards Against Humanity
Answer,Carnies
Answer,Catapults
Answer,Centaurs
Answer,Chainsaws for hands
Answer,Charisma
Answer,Cheating in the Special Olympics
Answer,Child abuse
Answer,Child beauty pageants
Answer,Children on leashes
Answer,Chivalry
Answer,Christopher Walken
Answer,Chutzpah
Answer,Civilian casualties
Answer,Clams
Answer,Classist undertones
Answer,Coat hanger abortions
Answer,Cockfights
Answer,College
Answer,Concealing a boner
Answer,Consultants
Answer,Copping a feel
Answer,Coughing into a vagina
Answer,Count Chocula
Answer,Crippling debt
Answer,Crystal meth
Answer,Cuddling
Answer,Customer service representatives
Answer,Cybernetic enhancements
Answer,Daddy issues
Answer,Dancing with a broom
Answer,Darth Vader
Answer,Date rape
Answer,Dead babies
Answer,Dead parents
Answer,Deflowering the princess
Answer,Dental dams
Answer,Dick Cheney
Answer,Dick fingers
Answer,Doin' it in the butt
Answer,Doing the right thing
Answer,Domino's Oreo Dessert Pizza
Answer,Dorito breath
Answer,Drinking alone
Answer,Dropping a chandelier on your enemies and riding the rope up
Answer,Dry heaving
Answer,Dwarf tossing
Answer,Dying
Answer,Dying of dysentery
Answer,Eating all of the cookies before the AIDS bake-sale
Answer,Eating an albino
Answer,Eating the last known bison
Answer,Edible underpants
Answer,Elderly Japanese men
Answer,Embryonic stem cells
Answer,Emotions
Answer,Enormous Scandinavian women
Answer,Erectile dysfunction
Answer,Estrogen
Answer,Ethnic cleansing
Answer,Eugenics
Answer,Euphoria by Calvin Klein
Answer,Exactly what you'd expect
Answer,Exchanging pleasantries
Answer,Expecting a burp and vomiting on the floor
Answer,Explosions
Answer,Fabricating statistics
Answer,Famine
Answer,Fancy Feast
Answer,Farting and walking away
Answer,Fear itself
Answer,Feeding Rosie O'Donnell
Answer,Fiery poops
Answer,Figgy pudding
Answer,Finding a skeleton
Answer,Finger painting
Answer,Fingering
Answer,Firing a rifle into the air while balls deep in a squealing hog
Answer,Five-Dollar Footlongs
Answer,Flash flooding
Answer,Flesh-eating bacteria
Answer,Flightless birds
Answer,Flying sex snakes
Answer,Foreskin
Answer,Forgetting the Alamo
Answer,Former President George W. Bush
Answer,Free samples
Answer,Friction
Answer,Friendly fire
Answer,Friends who eat all the snacks
Answer,Friends with benefits
Answer,Frolicking
Answer,Full frontal nudity
Answer,Gandalf
Answer,Gandhi
Answer,Geese
Answer,Genetically engineered super-soldiers
Answer,Genghis Khan
Answer,Genital piercings
Answer,George Clooney's musk
Answer,German dungeon porn
Answer,Getting abducted by Peter Pan
Answer,Getting drunk on mouthwash
Answer,"Getting in her pants, politely"
Answer,Getting naked and watching Nickelodeon
Answer,Getting really high
Answer,Getting so angry that you pop a boner
Answer,Ghosts
Answer,Giving 110 percent
Answer,Gladiatorial combat
Answer,Glenn Beck being harried by a swarm of buzzards
Answer,Glenn Beck catching his scrotum on a curtain hook
Answer,Glenn Beck convulsively vomiting as a brood of crab spiders hatches in his brain and erupts from his tear ducts
Answer,Global warming
Answer,Gloryholes
Answer,Goats eating cans
Answer,Goblins
Answer,God
Answer,GoGurt
Answer,Golden showers
Answer,Good grammar
Answer,Grandma
Answer,Grave robbing
Answer,Guys who don't call
Answer,Half-assed foreplay
Answer,Harry Potter erotica
Answer,Heartwarming orphans
Answer,"Her Royal Highness, Queen Elizabeth II"
Answer,Heteronormativity
Answer,Hipsters
Answer,Historical revisionism
Answer,Historically black colleges
Answer,Home video of Oprah sobbing into a Lean Cuisine
Answer,Homeless people
Answer,Hope
Answer,Hormone injections
Answer,Horrifying laser hair removal accidents
Answer,Horse meat
Answer,Hot cheese
Answer,Hot people
Answer,Hot Pockets
Answer,Hulk Hogan
Answer,Hurricane Katrina
Answer,Inappropriate yodeling
Answer,Incest
Answer,Insatiable bloodlust
Answer,Intelligent design
Answer,Italians
Answer,Jafar
Answer,Jean-Claude Van Damme
Answer,Jerking off into a pool of children's tears
Answer,Jew-fros
Answer,Jewish fraternities
Answer,Jibber-jabber
Answer,John Wilkes Booth
Answer,Judge Judy
Answer,Just the tip
Answer,Justin Bieber
Answer,Kamikaze pilots
Answer,Kanye West
Answer,Keanu Reeves
Answer,Keg stands
Answer,Kids with ass cancer
Answer,Kim Jong-il
Answer,Lactation
Answer,Lady Gaga
Answer,Lance Armstrong's missing testicle
Answer,Land mines
Answer,Laying an egg
Answer,Leaving an awkward voicemail
Answer,Leprosy
Answer,Leveling up
Answer,Licking things to claim them as your own
Answer,Linsday Lohan at 55
Answer,Literally eating shit
Answer,Lockjaw
Answer,Loose lips
Answer,Lumberjack fantasies
Answer,Lunchables
Answer,Mad hacky-sack skills
Answer,Making a pouty face
Answer,Making the penises kiss
Answer,Man meat
Answer,Masturbation
Answer,Mathletes
Answer,Me time
Answer,MechaHitler
Answer,Media coverage
Answer,Medieval Times Dinner and Tournament
Answer,Men
Answer,Menstruation
Answer,Michael Jackson
Answer,Michelle Obama's arms
Answer,Moral ambiguity
Answer,Morgan Freeman's voice
Answer,Mouth herpes
Answer,"Mr. Clean, right behind you"
Answer,Muhammad (Praise Be Unto Him)
Answer,Multiple stab wounds
Answer,Mutually-assured destruction
Answer,My collection of high-tech sex toys
Answer,My genitals
Answer,My humps
Answer,My inner demons
Answer,My machete
Answer,My relationship status
Answer,My sex life
Answer,My soul
Answer,My vagina
Answer,Natalie Portman
Answer,Natural male enhancement
Answer,Natural selection
Answer,Nazis
Answer,Necrophilia
Answer,Neil Patrick Harris
Answer,New Age music
Answer,Nickelback
Answer,Nicolas Cage
Answer,Nipple blades
Answer,Nocturnal emissions
Answer,Not giving a shit about the Third World
Answer,Not reciprocating oral sex
Answer,Nubile slave boys
Answer,Obesity
Answer,Object permanence
Answer,Old-people smell
Answer,Ominous background music
Answer,One thousand Slim Jims
Answer,Oompa-Loompas
Answer,Opposable thumbs
Answer,Overcompensation
Answer,Overpowering your father
Answer,Oversized lollipops
Answer,Pabst Blue Ribbon
Answer,Pac-Man uncontrollably guzzling cum
Answer,Panda sex
Answer,Panty raids
Answer,Parting the Red Sea
Answer,Party Poopers
Answer,Passable transvestites
Answer,Passing a kidney stone
Answer,Passive-aggressive Post-it notes
Answer,Pedophiles
Answer,Peeing a little bit
Answer,Penis envy
Answer,Picking up girls at the abortion clinic
Answer,Pictures of boobs
Answer,Pistol-whipping a hostage
Answer,Pixelated bukkake
Answer,Police brutality
Answer,Pooping back and forth. Forever.
Answer,Poor life choices
Answer,Poor people
Answer,Poorly-timed Holocaust jokes
Answer,Porn stars
Answer,Powerful thighs
Answer,Prancing
Answer,Praying the gay away
Answer,Preteens
Answer,Pretending to care
Answer,Pterodactyl eggs
Answer,Puberty
Answer,Public ridicule
Answer,Pulling out
Answer,Puppies!
Answer,Queefing
Answer,Quiche
Answer,Quivering jowls
Answer,Racially-biased SAT questions
Answer,Racism
Answer,Raping and pillaging
Answer,Raptor attacks
Answer,Re-gifting
Answer,Repression
Answer,Republicans
Answer,Revenge fucking
Answer,Riding off into the sunset
Answer,Ripping into a man's chest and pulling out his still-beating heart
Answer,Road head
Answer,"Robert Downey, Jr"
Answer,RoboCop
Answer,Ronald Reagan
Answer,Roofies
Answer,Ryan Gosling riding in on a white horse
Answer,Same-sex ice dancing
Answer,Santa Claus
Answer,Sarah Palin
Answer,Saxophone solos
Answer,Scalping
Answer,Science
Answer,Scientology
Answer,Scrotum tickling
Answer,Scrubbing under the folds
Answer,Sean Connery
Answer,Sean Penn
Answer,Seduction
Answer,Self-loathing
Answer,Seppuku
Answer,Serfdom
Answer,Sexting
Answer,Sexual humiliation
Answer,Sexual tension
Answer,Sexy pillow fights
Answer,Sexy Siamese twins
Answer,Shaft
Answer,Shapeshifters
Answer,Shaquille O'Neal's acting career
Answer,Sharing needles
Answer,Skeletor
Answer,Slow motion
Answer,Smallpox blankets
Answer,Smegma
Answer,Sniffing glue
Answer,Soiling oneself
Answer,Soup that is too hot
Answer,Space muffins
Answer,Spectacular abs
Answer,Sperm whales
Answer,Spontaneous human combustion
Answer,Statistically validated stereotypes
Answer,Stephen Hawking talking dirty
Answer,Stifling a giggle at the mention of Hutus and Tutsis
Answer,Stranger danger
Answer,Sudden Poop Explosion Disease
Answer,Suicidal thoughts
Answer,Sunshine and rainbows
Answer,Surprise Butt-Sex!
Answer,"Sweet, sweet vengeance"
Answer,Switching to Geico
Answer,Swooping
Answer,Take-backsies
Answer,Taking off your shirt
Answer,Tangled Slinkys
Answer,Tasteful side-boob
Answer,Teaching a robot to love
Answer,Team-building exercises
Answer,Teenage pregnancy
Answer,Tentacle porn
Answer,Testicular torsion
Answer,That thing that electrocutes your abs
Answer,The American Dream
Answer,The Amish
Answer,The Big Bang
Answer,The Blood of Christ
Answer,The boners of the elderly
Answer,The Care Bear Stare
Answer,The Chinese gymnastics team
Answer,The chronic
Answer,The clitoris
Answer,The Dance of the Sugar Plum Fairy
Answer,The Donald Trump Seal of Approval
Answer,The economy
Answer,The Fanta girls
Answer,The folly of man
Answer,The forbidden fruit
Answer,The Force
Answer,The four arms of Vishnu
Answer,The gays
Answer,The glass ceiling
Answer,The Gulags
Answer,The Hamburglar
Answer,The hardworking Mexican
Answer,The harsh light of day
Answer,The heart of a child
Answer,The hiccups
Answer,The Holy Bible
Answer,The homosexual agenda
Answer,The Hustle
Answer,The inevitable heat death of the universe
Answer,The invisible hand
Answer,The Jews
Answer,The KKK
Answer,The Kool-Aid Man
Answer,The Little Engine That Could
Answer,The Make-A-Wish Foundation
Answer,The milk man
Answer,The miracle of childbirth
Answer,The placenta
Answer,The Pope
Answer,The profoundly handicapped
Answer,The Rapture
Answer,"The Rev. Dr. Martin Luther King, Jr."
Answer,The shambling corpse of Larry King
Answer,The South
Answer,The taint; the grundle; the fleshy fun-bridge
Answer,The Tempur-Pedic Swedish Sleep System
Answer,The terrorists
Answer,The Three-Fifths compromise
Answer,The token minority
Answer,The Trail of Tears
Answer,The true meaning of Christmas
Answer,The Übermensch
Answer,The Underground Railroad
Answer,The violation of our most basic human rights
Answer,The Virginia Tech Massacre
Answer,The World of Warcraft
Answer,Third base
Answer,Tom Cruise
Answer,Toni Morrison's vagina
Answer,Too much hair gel
Answer,Tripping balls
Answer,Tweeting
Answer,Two midgets shitting into a bucket
Answer,Unfathomable stupidity
Answer,Uppercuts
Answer,Vehicular manslaughter
Answer,Viagra
Answer,Vigilante justice
Answer,Vigorous jazz hands
Answer,Vikings
Answer,Waiting 'til marriage
Answer,Waking up half-naked in a Denny's parking lot
Answer,Waterboarding
Answer,Wearing underwear inside-out to avoid doing laundry
Answer,When you fart and a little bit comes out
Answer,Whipping it out
Answer,White people
Answer,White privilege
Answer,Wifely duties
Answer,William Shatner
Answer,Winking at old people
Answer,Wiping her butt
Answer,Women in yogurt commercials
Answer,Women's suffrage
Answer,"Words, words, words"
Answer,World peace
Answer,Yeast
Answer,YOU MUST CONSTRUCT ADDITIONAL PYLONS
Answer,Zeus's sexual appetites
Question,_____ is a slippery slope that leads to _____.
Question,_____. Betcha can't have just one!
Question,"_____. High five, bro."
Question,_____. It's a trap!
Question,_____. That's how I want to die.
Question,_____: Good to the last drop.
Question,"_____: Kid-tested, mother-approved."
Question,_____? There's an app for that.
Question,"A romantic, candlelit dinner would be incomplete without _____."
Question,"After Hurricane Katrina, Sean Penn brought _____ to the people of New Orleans."
Question,"After the earthquake, Sean Penn brought _____ to the people of Haiti."
Question,Alternative medicine is now embracing the curative powers of _____.
Question,"And I would have gotten away with it, too, if it hadn't been for _____."
Question,And the Academy Award for _____ goes to _____.
Question,Anthropologists have recently discovered a primitive tribe that worships _____.
Question,Betcha can't have just one!
Question,BILLY MAYS HERE FOR _____!
Question,"But before I kill you, Mr. Bond, I must show you _____."
Question,"Coming to Broadway this season, _____: The Musical."
Question,"Dear Abby, I'm having some trouble with _____ and would like your advice."
Question,"Due to a PR fiasco, Walmart no longer offers _____."
Question,"During Picasso's often-overlooked Brown Period, he produced hundreds of paintings of _____."
Question,"During sex, I like to think about _____."
Question,"For my next trick, I will pull _____ out of _____."
Question,He who controls _____ controls the world.
Question,How am I maintaining my relationship status?
Question,"I do not know with what weapons World War III will be fought, but World War IV will be fought with _____."
Question,I drink to forget _____.
Question,I got 99 problems but _____ ain't one.
Question,I learned the hard way that you can't cheer up a grieving friend with _____.
Question,I never truly understood _____ until I encountered _____.
Question,I wish I hadn't lost the instruction manual for _____.
Question,"I'm sorry, Professor, but I couldn't complete my homework because of _____."
Question,"In 1,000 years, when paper money is but a distant memory, _____ will be our currency."
Question,"In a world ravaged by _____, our only solace is _____."
Question,"In an attempt to reach a wider audience, the Smithsonian Museum of Natural History has opened an interactive exhibit on _____."
Question,"In his new self-produced album, Kanye West raps over the sounds of _____."
Question,"In his new summer comedy, Rob Schneider is _____ trapped in the body of _____."
Question,"In its new tourism campaign, Detroit proudly proclaims that it has finally eliminated _____."
Question,"In L.A. County Jail, word is you can trade 200 cigarettes for _____."
Question,"In M. Night Shyamalan's new movie, Bruce Willis discovers that _____ had really been _____ all along."
Question,"In Michael Jackson's final moments, he thought about _____."
Question,"In Rome, there are whisperings that the Vatican has a secret room devoted to _____."
Question,"In the distant future, historians will agree that _____ marked the beginning of America's decline."
Question,"In the new Disney Channel Original Movie, Hannah Montana struggles with _____ for the first time."
Question,"Instead of coal, Santa now gives the bad children _____."
Question,It's a pity that kids these days are all getting involved with _____.
Question,It's a trap!
Question,Life for American Indians was forever changed when the White Man introduced them to _____.
Question,Life was difficult for cavemen before _____.
Question,"Lifetime presents _____, the story of _____."
Question,Major League Baseball has banned _____ for giving players an unfair advantage.
Question,Maybe she's born with it. Maybe it's _____.
Question,MTV's new reality show features eight washed-up celebrities living with _____.
Question,Next from J.K. Rowling: Harry Potter and the Chamber of _____.
Question,Next on ESPN2: The World Series of _____.
Question,Rumor has it that Vladimir Putin's favorite dish is _____ stuffed with _____.
Question,Science will never explain the origin of _____.
Question,"Sorry everyone, I just _____."
Question,Studies show that lab rats navigate mazes 50% faster after being exposed to _____.
Question,"That's right, I killed _____. How, you ask? _____."
Question,The CIA now interrogates enemy agents by repeatedly subjecting them to _____.
Question,The class field trip was completely ruined by _____.
Question,The socialist governments of Scandinavia have declared that access to _____ is a basic human right.
Question,The U.S. has begun airdropping _____ to the children of Afghanistan.
Question,This is the way the world ends \ This is the way the world ends \ Not with a bang but with _____.
Question,"This season on Man vs. Wild, Bear Grylls must survive in the depths of the Amazon with only _____ and his wits."
Question,TSA guidelines now prohibit _____ on airplanes.
Question,War! What is it good for?
Question,What am I giving up for Lent?
Question,What are my parents hiding from me?
Question,What brought the orgy to a grinding halt?
Question,What did I bring back from Mexico?
Question,What did the US airdrop to the children of Afghanistan?
Question,What did Vin Diesel eat for dinner?
Question,What do old people smell like?
Question,What does Dick Cheney prefer?
Question,What don't you want to find in your Chinese food?
Question,What ended my last relationship?
Question,What gets better with age?
Question,What gives me uncontrollable gas?
Question,What has been making life difficult at the nudist colony?
Question,What helps Obama unwind?
Question,What is Batman's guilty pleasure?
Question,What never fails to liven up the party?
Question,What will always get you laid?
Question,What will I bring back in time to convince people that I am a powerful wizard?
Question,"What would grandma find disturbing, yet oddly charming?"
Question,What's a girl's best friend?
Question,What's my anti-drug?
Question,What's my secret power?
Question,What's Teach for America using to inspire inner city students to succeed?
Question,What's that smell?
Question,What's that sound?
Question,What's the crustiest?
Question,What's the gift that keeps on giving?
Question,What's the most emo?
Question,What's the new fad diet?
Question,What's the next Happy Meal toy?
Question,What's the next superhero/sidekick duo?
Question,What's there a ton of in heaven?
Question,"When all else fails, I can always masturbate to _____."
Question,"When I am a billionaire, I shall erect a 50-foot statue to commemorate _____."
Question,"When I am President of the United States, I will create the Department of _____."
Question,"When I pooped, what came out of my butt?"
Question,"When I was tripping on acid, _____ turned into _____."
Question,"When I'm in prison, I'll have _____ smuggled in."
Question,"When Pharaoh remained unmoved, Moses called down a Plague of _____."
Question,"While the United States raced the Soviet Union to the moon, the Mexican government funneled millions of pesos into research on _____."
Question,White people like _____.
Question,Who stole the cookies from the cookie jar?
Question,Why am I sticky?
Question,Why can't I sleep at night?
Question,Why do I hurt all over?
Answer,A Molson muscle.
Answer,An icy hand job from an Edmonton hooker.
Answer,Being Canadian.
Answer,Burning down the White House.
Answer,Canada: America's hat.
Answer,Don Cherry's wardrobe.
Answer,Graham Greene playing the same First Nations character on every TV show.
Answer,Heritage minutes.
Answer,Homo milk.
Answer,Karla Homolka.
Answer,Killing a Moose with your bare hands.
Answer,Mr. Dressup.
Answer,Naked News.
Answer,Newfies.
Answer,Poutine.
Answer,Quintland.
Answer,Schmirler the Curler.
Answer,Snotsicles.
Answer,Stephen Harper.
Answer,Syrupy sex with a maple tree.
Answer,Terry Fox's prosthetic leg.
Answer,The CBC.
Answer,The Famous Five.
Answer,The Front de Libération du Québec.
Answer,The Offical Languages Act. La Loi sur les langues officielles.
Answer,The Royal Canadian Mounted Police.
Answer,Tim Hortons.
Question,After unifying the GST and PST the Government can now afford to provide _____ for _____.
Question,Air Canada guidelines now prohibit _____ on airplanes.
Question,"CTV presents _____, the story of _____."
Question,If _____ came in two-fours Canada would be more _____?
Question,"In an attempt to reach a wider audience, the Royal Ontario Museum has opened an interactive exhibit on _____."
Question,"In the next Bob and Doug McKenzie adventure, they have to find _____ to uncover a sinister plot involving _____ and _____."
Question,In Vancouver it is now legal to _____.
Question,"O Canada, we stand on guard for _____."
Question,What's the Canadian government using to inspire rural students to succeed?
Answer,A Christmas stocking full of coleslaw.
Answer,A Hungry-Man Frozen Christmas Dinner for One.
Answer,A toxic family environment.
Answer,A visually arresting turtleneck.
Answer,Another shitty year.
Answer,Clearing a bloody path through Walmart with a scimitar.
Answer,Eating an entire snowman.
Answer,Elf cum.
Answer,"Fucking up ""Silent Night"" in front of 300 parents."
Answer,Gift-wrapping a live hamster.
Answer,Immaculate conception.
Answer,"Krampus, the Austrian Christmas monster."
Answer,Mall Santa.
Answer,My hot cousin.
Answer,Pretending to be happy.
Answer,Santa's heavy sack.
Answer,Several intertwining love stories featuring Hugh Grant.
Answer,Socks.
Answer,Space Jam on VHS.
Answer,Taking down Santa with a surface-to-air missile.
Answer,The Star Wars Holiday Special.
Answer,"The tiny, calloused hands of the Chinese children that made this card."
Answer,Whatever Kwanzaa is supposed to be about.
Question,"After blacking out during New Year's Eve, I was awoken by _____."
Question,"Every Christmas, my uncle gets drunk and tells the story about _____."
Question,Jesus is _____.
Question,"On the third day of Christmas, my true love gave to me: three French hens, two turtle doves and _____."
Question,"This holiday season, Tim Allen must overcome his fear of _____ to save Christmas."
Question,"Wake up, America. Christmas is under attack by secular liberals and their _____."
Question,"What keeps me warm during the cold, cold winter?"
Answer, Jerking it to Hentai
Answer,A Brazilian wax
Answer,A flamboyant homosexual
Answer,A gazebo
Answer,A jello mold of Pamela Anderson's breasts
Answer,A mangina
Answer,a statue of jesus fucking a sheep
Answer,a yawning zombie
Answer,accidentally sexting your boss
Answer,Albino squirrels
Answer,Amateur dental surgery
Answer,An aroused honey badger.
Answer,An attention whore
Answer,An excessively tight speedo
Answer,An overripe banana
Answer,Attracting lesbian vampires
Answer,Autoerotic asphyxiation
Answer,Beating up street urchins for the hell of it.
Answer,Bedbugs
Answer,Being stoned to death
Answer,Bi-curious
Answer,bigfoot driving a prius
Answer,Bitchy Grandmas.
Answer,Burning ring of fire
Answer,butch lesbians
Answer,Cake farts.
Answer,calling mother theresa a shithead
Answer,Cameltoes
Answer,Celine Dion
Answer,Chasing the dragon
Answer,Cheesecake.
Answer,co-ed washrooms
Answer,converting to islam for the chicks
Answer,David Blane/Carraway/Caradin
Answer,Dirty hippies
Answer,downloading porn on a 56k modem
Answer,Dr. Kevorkian
Answer,Eating an owl to get smarter
Answer,Eating your way out of a dead whale.
Answer,Epiz lootz
Answer,essential oils
Answer,Falling face-first into a cactus garden
Answer,finding an old used tampon while eating a girl out
Answer,Fishsticks and Custard
Answer,Four Horsemen of the Apocalypse
Answer,Freedom fries
Answer,Freedom Fries
Answer,Genital warts
Answer,Getting a pube stuck in your throat
Answer,getting your balls caught in your zipper
Answer,Going on a date as a joke.
Answer,Gordon Ramsey
Answer,Grim Reaper
Answer,Gummi Beary Juice
Answer,Having drunken sex in a Nativity
Answer,Heteroflexibility
Answer,High School guidance counselors
Answer,Homer Simpson
Answer,horny christian teen girls
Answer,Hos in different area codes
Answer,Hulk Smash
Answer,I cast magic missle
Answer,Inserting a gerbil into your anus
Answer,Japanese schoolgirls
Answer,Keebler Elves
Answer,LARPing
Answer,Larry King break dancing naked
Answer,making a weird face and having it get stuck that way
Answer,Man boobs
Answer,mega shark vs giant octopus
Answer,Megatron
Answer,Middle school cliques
Answer,Muff diving
Answer,Mullets.
Answer,My pet monster
Answer,N.A.M.B.L.A.
Answer,Naming your kid 'Batman bin Suparman'
Answer,Napalm
Answer,Nutella
Answer,Obnoxious in-laws
Answer,Optimus Prime
Answer,Owners who look like their dogs
Answer,peeing on an electric fence
Answer,"Performing ""The Ministry of Silly Walks"" to cheer up the quads at the Hospital."
Answer,Photo-shopping your mom's face onto porn star's bodies
Answer,Pink eye
Answer,Poking a hole in a condom
Answer,PTSD.
Answer,puppies in a bathtub
Answer,Pwned
Answer,quoting every line from your favourite movie
Answer,Robo geisha
Answer,Screwing your hot English teacher.
Answer,Secondhand adult diapers 
Answer,setting the feminist movement back by 2 decades
Answer,sex with your socks on
Answer,Sexual Harassment Panda
Answer,Shit happens
Answer,shooting a firecracker out of your butt
Answer,Sister wives
Answer,skidmarks
Answer,Snorting the ashes of your dead uncle
Answer,snufalupagus
Answer,Special Unicorn Mayo
Answer,Spilling a hot cup of McDonald's coffee on your lap
Answer,STD samples
Answer,Strip Poker with that uncle who touched you.
Answer,swallowing for the protein
Answer,Taking the scenic route
Answer,That furry costume you got stashed in your closet.
Answer,the brown note
Answer,The Bulgarian Mafia.
Answer,The Clap
Answer,The G spot
Answer,The Mormons
Answer,the shocker
Answer,Toenail clippings
Answer,Turd Sandwich/Giant Douche
Answer,Two hobos fightin' over some moonshine.
Answer,Using a toothbrush as a sounding rod.
Answer,using jizz as hair gel
Answer,Using the grease from a bucket of fried chicken as lube
Answer,Using too much teeth while giving head
Answer,waking up in public in your underwear
Answer,west side story with pancakes
Answer,"When ""puppy love"" becomes ""Doggy style."""
Answer,When your finger pokes through the toilet paper.
Answer,Whoring yours kids out for grocery money at the 7-11
Answer,Wine snobs
Answer,winning a game of chubby bunny
Answer,Witch hunts
Answer,Women over 60 doing it.
Answer,Your sister's dildo
Answer,Zombie Jesus
Answer,zombie sex
Question, It's a bird! It's a plane! It's___________
Question,___ our last salvation the from robot overlords
Question,"___, and hell froze over"
Question,"___, guaranteed to wake you up from a coma!"
Question,"___, I choose you!"
Question,"___, like a fox"
Question,"___, the freshmaker"
Question,"___, You're rocking new band"
Question,___: the gift that keeps on giving
Question,"____, ____, and ____ are the three weapons of the Spanish Inquisition (pick 3)"
Question,"______ can kill you, if done right."
Question,______ has become far too commonplace.
Question,______ is a skid mark on society's collective underwear.
Question,"______ is funny, as long as it's happening to someone else."
Question,______ is god's gift to women.
Question,______ is great for treating ______.
Question,______ is more difficult than sucking ______ through a garden hose.
Question,______ is no skin off my back.
Question,______ is now outsourced to call centers in India. 
Question,______ is one of life's greatest mysteries.
Question,______ is the new black.
Question,______ is unfamiliar territory for me.
Question,______ made my parents get divorced.
Question,______ makes you feel the way you ought to feel without it!
Question,______ Now With More ______.
Question,______ popped my cherry.
Question,______ will be my demise.
Question,______ with a ______ twist is my favorite cocktail.
Question,______ would be nothing without ______.
Question,"______... they want to save the world, but all they do is ______."
Question,______: a wet hole to stick your dick in
Question,______: the greatest invention known to man.
Question,A good ______ should be like a woman's ______.
Question,A man is incomplete until he has ______.
Question,America's favourite past time is ___
Question,At the costume party I went as ______.
Question,Barbara Walter's new special is on ______.
Question,"Before ______, I had never fallen in love."
Question,"Before I die, I want to experience ______."
Question,California is a fine place to live â€“ if you happen to be ______.
Question,Check out my new tattoo of ______.
Question,Don't Drink and ____
Question,"Don't tell anyone, but my secret fetish is ___"
Question,"Excuse me, waiter, I didn't order ______ I asked for _______!"
Question,"For my senior theater thesis, I performed an interpretive dance on ______."
Question,Harvard now offers a course in ____.
Question,Hitler's guilty pleasure was ______.
Question,How am I keeping it real?
Question,How did I escape my tormentors?
Question,I can't sleep because my roommate is___
Question,I can't wait to get my first issue of ___ Enthusiast Weekly!
Question,"I don't deserve ______, but I sure do enjoy it."
Question,I don't leave my house without ______.
Question,I just got a Guiness World Record for ____
Question,I just got out of rehab for my addiction to ______.
Question,I just HAVE to tell everyone about my ___.
Question,I learned ______ as a baby and haven't had a lesson since.
Question,I took out a second mortgage on my house to buy ______.
Question,I was into ___ before it was cool.
Question,I wouldn't kick ______ out of bed.
Question,I'd kill for ______.
Question,"If I had twenty-four hours left to live, I would…"
Question,"If only I had known, I would have been ______."
Question,I'm in therapy for ______.
Question,In college I experimented with ______.
Question,"In the year 2050, instead of coffee we will drink ______."
Question,Is that a ______ in your pocket or are you just glad to see me?
Question,Life is like ______.
Question,Love is like ______.
Question,My boss tried to seduce me with ___
Question,My child brought ______ in for show-and-tell.
Question,My children's favorite magic trick that I do is…
Question,My entire life can be summed up as ______.
Question,My favorite You Tube video is of ______.
Question,My favourite full house episode was the one about...
Question,My first love taught me ______.
Question,My grandma became a nun because of ___
Question,My last twitpic was ______.
Question,My new nickname is ______.
Question,My secret weapon for picking up chicks/dudes? ___
Question,My signature move is ______.
Question,Nothing gets me up in the morning like ______
Question,Nothing makes me hornier than ______.
Question,"Oh Uncle Jimbo, we best remember you for ___"
Question,"On next week's episode of Mantracker, Terry Grant hunts down ______"
Question,"On Reading Rainbow this week, Levar Burton reads ______."
Question,"Scientists have discovered that prolonged exposure to ______, leads to ______ in lab rats."
Question,"Stephen King's next bestseller, ___"
Question,The ______ is mightier than the ______.
Question,The best part of waking up is _____ in your cup.
Question,The greatest tragedy in mankind's entire history is ______.
Question,The judge stipulated that I can't ______ while on probation.
Question,the last thing I want for my next birthday is ___
Question,The most awkward thing someone has walked in on me doing is ______.
Question,The new hit HBO mini-series is about ______.
Question,"The past is ______, the future is ______, but the present is ______."
Question,The powerful weapon during the zombie apocalypse will be ______.
Question,There's always time for more ___
Question,What did I get for my sweet 16?
Question,What keeps me coming back for more?
Question,What should I have seen coming?
Question,What would you do for a Klondike Bar?
Question,What's my latest get-rich-quick scheme?
Question,What's the secret to my success?
Question,"When I feel down, at least I have ___."
Question,"When I quit my last job, my letter of resignation was ___"
Question,"When I'm a millionaire, I will have an entire room dedicated to ______."
Question,"When the gods wish to punish us, they ______."
Question,"You can only be young once, but you can always be ______."
